coreid,dc:rights,dcterms:accessRights,dcterms:bibliographicCitation,dcterms:language,dcterms:modified,dcterms:references,dcterms:rights,dcterms:rightsHolder,dcterms:source,dcterms:type,dwc:Identification,dwc:MeasurementOrFact,dwc:ResourceRelationship,dwc:VerbatimEventDate,dwc:accessRights,dwc:associatedMedia,dwc:associatedOccurrences,dwc:associatedReferences,dwc:associatedSequences,dwc:associatedTaxa,dwc:basisOfRecord,dwc:bed,dwc:behavior,dwc:catalogNumber,dwc:class,dwc:collectionCode,dwc:collectionID,dwc:continent,dwc:coordinatePrecision,dwc:coordinateUncertaintyInMeters,dwc:country,dwc:countryCode,dwc:county,dwc:dataGeneralizations,dwc:datasetID,dwc:datasetName,dwc:dateIdentified,dwc:day,dwc:decimalLatitude,dwc:decimalLongitude,dwc:disposition,dwc:dynamicProperties,dwc:earliestAgeOrLowestStage,dwc:earliestEonOrLowestEonothem,dwc:earliestEpochOrLowestSeries,dwc:earliestEraOrLowestErathem,dwc:earliestPeriodOrLowestSystem,dwc:endDayOfYear,dwc:establishmentMeans,dwc:eventDate,dwc:eventID,dwc:eventRemarks,dwc:eventTime,dwc:family,dwc:fieldNotes,dwc:fieldNumber,dwc:footprintWKT,dwc:formation,dwc:genus,dwc:geodeticDatum,dwc:geologicalContextID,dwc:georeferenceProtocol,dwc:georeferenceRemarks,dwc:georeferenceSources,dwc:georeferenceVerificationStatus,dwc:georeferencedBy,dwc:georeferencedDate,dwc:group,dwc:habitat,dwc:higherClassification,dwc:higherGeography,dwc:higherGeographyID,dwc:highestBiostratigraphicZone,dwc:identificationID,dwc:identificationQualifier,dwc:identificationReferences,dwc:identificationRemarks,dwc:identificationVerificationStatus,dwc:identifiedBy,dwc:individualCount,dwc:individualID,dwc:informationWithheld,dwc:infraspecificEpithet,dwc:institutionCode,dwc:institutionID,dwc:island,dwc:islandGroup,dwc:kingdom,dwc:latestAgeOrHighestStage,dwc:latestEonOrHighestEonothem,dwc:latestEpochOrHighestSeries,dwc:latestEraOrHighestErathem,dwc:latestPeriodOrHighestSystem,dwc:lifeStage,dwc:lithostratigraphicTerms,dwc:locality,dwc:locationAccordingTo,dwc:locationID,dwc:locationRemarks,dwc:lowestBiostratigraphicZone,dwc:maximumDepthInMeters,dwc:maximumElevationInMeters,dwc:member,dwc:minimumDepthInMeters,dwc:minimumElevationInMeters,dwc:month,dwc:municipality,dwc:nameAccordingTo,dwc:namePublishedIn,dwc:namePublishedInID,dwc:namePublishedInYear,dwc:nomenclaturalCode,dwc:nomenclaturalStatus,dwc:occurrenceDetails,dwc:occurrenceID,dwc:occurrenceRemarks,dwc:occurrenceStatus,dwc:order,dwc:originalNameUsage,dwc:otherCatalogNumbers,dwc:ownerInstitutionCode,dwc:parentNameUsage,dwc:phylum,dwc:preparation,dwc:preparations,dwc:previousIdentifications,dwc:recordNumber,dwc:recordedBy,dwc:relatedResourceID,dwc:reproductiveCondition,dwc:rights,dwc:rightsHolder,dwc:samplingEffort,dwc:samplingProtocol,dwc:scientificName,dwc:scientificNameAuthorship,dwc:scientificNameID,dwc:sex,dwc:specificEpithet,dwc:startDayOfYear,dwc:stateProvince,dwc:subgenus,dwc:taxonID,dwc:taxonRank,dwc:taxonRemarks,dwc:taxonomicStatus,dwc:typeStatus,dwc:verbatimCoordinateSystem,dwc:verbatimCoordinates,dwc:verbatimDepth,dwc:verbatimElevation,dwc:verbatimEventDate,dwc:verbatimLatitude,dwc:verbatimLocality,dwc:verbatimLongitude,dwc:verbatimSRS,dwc:verbatimTaxonRank,dwc:vernacularName,dwc:waterBody,dwc:year,fcc:datePicked,fcc:pickedBy,http://rs.gbif.org/terms/1.0/Reference,idigbio:associateAuthor,idigbio:associateCommonName,idigbio:associateCondition,idigbio:associateDeterminedBy,idigbio:associateIdentifier,idigbio:associateNotes,idigbio:associateRelationship,idigbio:associatedFamily,idigbio:associatedRelationship,idigbio:barcodeValue,idigbio:determinationHistory,idigbio:endangeredStatus,idigbio:hostFamily,idigbio:preparationCount,idigbio:preservative,idigbio:recordId,idigbio:subfamily,idigbio:subgenus,idigbio:substrate,idigbio:superfamily,idigbio:tribe,inhs:dead,inhs:formII_females,inhs:formII_males,inhs:formI_males,inhs:instars_Female,inhs:instars_Male,inhs:juv_females,inhs:juv_males,inhs:juv_undetermined,inhs:live,inhs:locationTrs,inhs:location_Basin,inhs:location_RiverMile,inhs:location_Stream,inhs:relic,inhs:total_Males,inhs:total_females,inhs:vouchered,symbiota:recordEnteredBy,symbiota:verbatimScientificName
f2276cac-98f6-426b-bf67-bc1bb4cfae84,,,,,2014-07-17,"Tri-Trophic Thematic Collection Network, 2014 (and updates). Version: 2015-03-18. http://tcn.amnh.org/. National Science Foundation grant(s) EF#1115081, EF#1115103, EF#1115080, EF#1115144, EF#1115191, EF#1115104, EF#1115115",,,,,,,,,,,,,,associated with:Gossypium sp.,PreservedSpecimen,,,MEMU_ENT 00118072,,,,,,,United States,,Chowan,,urn:uuid:f0cec69a-853c-11e4-8259-0026552be7ea,"Plants, herbivores, and parasitoids: A model system for the study of tri-trophic associations project",,,36.02250,36.02250,,,,,,,,,,1978-06-27,,,,Piesmatidae,,,,,Piesma,,,,Location over water. Uncert covers land on boths sides 4931 m,,,,,,cultivated cotton,Animalia;Arthropoda;Piesmatidae;Piesmatinae,,,,,,,,,,1,,,,MEMU,,,,,,,,,,Adult,,4 mi WSW of Edenton,GeoLocate Software,,,,,,,,,,,,,,,,,,urn:uuid:886f087a-d8e1-11e2-99a2-0026552be7ea,,,,,,"Mississippi Entomological Museum, Mississippi State University",,,,,,,W. A. Dickerson,,,,,,Vacuum Sampling,Piesma cinereum,"(Say,1832)",,Female,cinereum,,North Carolina,,,,,,None,,,,,,,,,,,,,1978,,,,,,,,,,,,,,,,,,,,,,,,,,,,,,,,,,,,,,,,,,,,
1200dd3d-fb45-401b-9a13-fb7bdbf5ff23,,,,,2014-03-03,"Tri-Trophic Thematic Collection Network, 2014 (and updates). Version: 2015-03-18. http://tcn.amnh.org/. National Science Foundation grant(s) EF#1115081, EF#1115103, EF#1115080, EF#1115144, EF#1115191, EF#1115104, EF#1115115",,,,,,,,,,,,,,collected in:Gossypium sp.,PreservedSpecimen,,,MEMU_ENT 00121510,,,,,,,United States,,Chowan,,urn:uuid:f0cec69a-853c-11e4-8259-0026552be7ea,"Plants, herbivores, and parasitoids: A model system for the study of tri-trophic associations project",,,36.02250,36.02250,,,,,,,,,,1978-06-27,,,,Geocoridae,,,,,Geocoris,,,,Location over water. Uncert covers land on boths sides 4931 m,,,,,,,Animalia;Arthropoda;Geocoridae;Geocorinae,,,,,,,,,,1,,,,MEMU,,,,,,,,,,Adult,,4 mi WSW of Edenton,GeoLocate Software,,,,,,,,,,,,,,,,,,urn:uuid:889a95a8-d8e1-11e2-99a2-0026552be7ea,,,,,,"Mississippi Entomological Museum, Mississippi State University",,,,,,,W. A. Dickerson,,,,,,Vacuum Sampling,Geocoris uliginosus,"(Say,1832)",,Male,uliginosus,,North Carolina,,,,,,None,,,,,,,,,,,,,1978,,,,,,,,,,,,,,,,,,,,,,,,,,,,,,,,,,,,,,,,,,,,
ef73a5d0-ff4d-407d-b14e-24de58239fc6,,,,,2014-07-11,"Tri-Trophic Thematic Collection Network, 2014 (and updates). Version: 2015-03-18. http://tcn.amnh.org/. National Science Foundation grant(s) EF#1115081, EF#1115103, EF#1115080, EF#1115144, EF#1115191, EF#1115104, EF#1115115",,,,,,,,,,,,,,associated with:Gossypium sp.,PreservedSpecimen,,,MEMU_ENT 00112510,,,,,,,United States,,Chowan,,urn:uuid:f0cec69a-853c-11e4-8259-0026552be7ea,"Plants, herbivores, and parasitoids: A model system for the study of tri-trophic associations project",,,36.02250,36.02250,,,,,,,,,,1978-07-19,,,,Anthocoridae,,,,,Orius,,,,Location over water. Uncert covers land on boths sides 4931 m,,,,,,cultivated cotton,Animalia;Arthropoda;Anthocoridae;Anthocorinae;Oriini,,,,,,,,,,1,,,,MEMU,,,,,,,,,,Adult,,4 mi WSW of Edenton,GeoLocate Software,,,,,,,,,,,,,,,,,,urn:uuid:88142158-d8e1-11e2-99a2-0026552be7ea,,,,,,"Mississippi Entomological Museum, Mississippi State University",,,,,,,W. A. Dickerson,,,,,,Vacuum Sampling,Orius insidiosus,"Say,1832",,,insidiosus,,North Carolina,,,,,,None,,,,,,,,,,,,,1978,,,,,,,,,,,,,,,,,,,,,,,,,,,,,,,,,,,,,,,,,,,,
688a1236-f502-4f00-aa70-e7a051879c72,,,,,2014-12-29,"Tri-Trophic Thematic Collection Network, 2014 (and updates). Version: 2015-03-18. http://tcn.amnh.org/. National Science Foundation grant(s) EF#1115081, EF#1115103, EF#1115080, EF#1115144, EF#1115191, EF#1115104, EF#1115115",,,,,,,,,,,,,,associated with:Gossypium sp.,PreservedSpecimen,,,MEMU_ENT 00140385,,,,,,,United States,,Chowan,,urn:uuid:f0cec69a-853c-11e4-8259-0026552be7ea,"Plants, herbivores, and parasitoids: A model system for the study of tri-trophic associations project",1984,,36.02250,36.02250,,,,,,,,,,1978-06-27,,,,Cicadellidae,,,,,Norvellina,,,,Location over water. Uncert covers land on boths sides 4931 m,,,,,,cultivated cotton,Animalia;Arthropoda;Cicadellidae;Deltocephalinae;Athysanini,,,,,,,,,L. W. Hepner,1,,,,MEMU,,,,,,,,,,Adult,,4 mi WSW of Edenton,GeoLocate Software,,,,,,,,,,,,,,,,,,urn:uuid:f2813f58-8560-11e4-8259-0026552be7ea,,,,,,"Mississippi Entomological Museum, Mississippi State University",,,,,,,W. A. Dickerson,,,,,,Vacuum Sampling,Norvellina seminuda,"Say,1830",,Female,seminuda,,North Carolina,,,,,,None,,,,,,,,,,,,,1978,,,,,,,,,,,,,,,,,,,,,,,,,,,,,,,,,,,,,,,,,,,,
1df5f9ca-dcdd-4470-83c2-1edf762f4ce2,,,,,2013-08-30,"Tri-Trophic Thematic Collection Network, 2014 (and updates). Version: 2015-03-18. http://tcn.amnh.org/. National Science Foundation grant(s) EF#1115081, EF#1115103, EF#1115080, EF#1115144, EF#1115191, EF#1115104, EF#1115115",,,,,,,,,,,,,,,PreservedSpecimen,,,NCSU 0164799,,,,,,,United States,,Cumberland,,urn:uuid:f0cec69a-853c-11e4-8259-0026552be7ea,"Plants, herbivores, and parasitoids: A model system for the study of tri-trophic associations project",,,35.15147,35.15147,,,,,,,,,,1997-10-25,,,,Thyreocoridae,,,,,Corimelaena,,,,Uncert 2826 m. Marker in space between end of 1813 and Hwy 82,,,,,,,Animalia;Arthropoda;Thyreocoridae,,,,,,,,,R. L. Blinn,1,,,,NCSU,,,,,,,,,,Adult,,Hwy-82 at SR-1813,GeoLocate Software,,,,,,,,,,,,,,,,,,urn:uuid:67158ee6-11a4-11e3-8e88-0026552be7ea,,,,,,North Carolina State University Insect Collection,,,,,,,L. L. Deitz,,,,,,Sweep Netting,Corimelaena lateralis,"(Fabricius,1803)",,Male,lateralis,,North Carolina,,,,,,None,,,,,,,,,,,,,1997,,,,,,,,,,,,,,,,,,,,,,,,,,,,,,,,,,,,,,,,,,,,
44439c8f-c731-4bf6-a109-dca1ff418c30,,,,,2012-05-01,"Tri-Trophic Thematic Collection Network, 2014 (and updates). Version: 2015-03-18. http://tcn.amnh.org/. National Science Foundation grant(s) EF#1115081, EF#1115103, EF#1115080, EF#1115144, EF#1115191, EF#1115104, EF#1115115",,,,,,,,,,,,,,,PreservedSpecimen,,,NCSU 0127077,,,,,,,United States,,Cumberland,,urn:uuid:f0cec69a-853c-11e4-8259-0026552be7ea,"Plants, herbivores, and parasitoids: A model system for the study of tri-trophic associations project",1997,,35.15147,35.15147,,,,,,,,,,1997-10-25,,,,Membracidae,,,,,Spissistilus,,,,Uncert 2826 m. Marker in space between end of 1813 and Hwy 82,,,,,,,Animalia;Arthropoda;Membracidae;Smiliinae;Ceresini,,,,,,,,,M. J. Rothschild,1,,,,NCSU,,,,,,,,,,Adult,,Hwy-82 at SR-1813,GeoLocate Software,,,,,,,,,,,,,,,,,,urn:uuid:86660074-d8e1-11e2-99a2-0026552be7ea,,,,,,North Carolina State University Insect Collection,,,,,,,L. L. Deitz,,,,,,General Collecting,Spissistilus festinus,"(Say,1866)",,Female,festinus,,North Carolina,,,,,,None,,,,,,,,,,,,,1997,,,,,,,,,,,,,,,,,,,,,,,,,,,,,,,,,,,,,,,,,,,,
3f5f8118-d439-45be-8f66-b181c7e6c761,,,,,2012-05-01,"Tri-Trophic Thematic Collection Network, 2014 (and updates). Version: 2015-03-18. http://tcn.amnh.org/. National Science Foundation grant(s) EF#1115081, EF#1115103, EF#1115080, EF#1115144, EF#1115191, EF#1115104, EF#1115115",,,,,,,,,,,,,,,PreservedSpecimen,,,NCSU 0127082,,,,,,,United States,,Cumberland,,urn:uuid:f0cec69a-853c-11e4-8259-0026552be7ea,"Plants, herbivores, and parasitoids: A model system for the study of tri-trophic associations project",1997,,35.15147,35.15147,,,,,,,,,,1997-10-25,,,,Membracidae,,,,,Spissistilus,,,,Uncert 2826 m. Marker in space between end of 1813 and Hwy 82,,,,,,,Animalia;Arthropoda;Membracidae;Smiliinae;Ceresini,,,,,,,,,M. J. Rothschild,1,,,,NCSU,,,,,,,,,,Adult,,Hwy-82 at SR-1813,GeoLocate Software,,,,,,,,,,,,,,,,,,urn:uuid:8666047a-d8e1-11e2-99a2-0026552be7ea,,,,,,North Carolina State University Insect Collection,,,,,,,L. L. Deitz,,,,,,General Collecting,Spissistilus festinus,"(Say,1866)",,Male,festinus,,North Carolina,,,,,,None,,,,,,,,,,,,,1997,,,,,,,,,,,,,,,,,,,,,,,,,,,,,,,,,,,,,,,,,,,,
15cf24ef-85cb-4e0a-b048-845654f7cba4,,,,,2012-05-01,"Tri-Trophic Thematic Collection Network, 2014 (and updates). Version: 2015-03-18. http://tcn.amnh.org/. National Science Foundation grant(s) EF#1115081, EF#1115103, EF#1115080, EF#1115144, EF#1115191, EF#1115104, EF#1115115",,,,,,,,,,,,,,,PreservedSpecimen,,,NCSU 0127080,,,,,,,United States,,Cumberland,,urn:uuid:f0cec69a-853c-11e4-8259-0026552be7ea,"Plants, herbivores, and parasitoids: A model system for the study of tri-trophic associations project",1997,,35.15147,35.15147,,,,,,,,,,1997-10-25,,,,Membracidae,,,,,Spissistilus,,,,Uncert 2826 m. Marker in space between end of 1813 and Hwy 82,,,,,,,Animalia;Arthropoda;Membracidae;Smiliinae;Ceresini,,,,,,,,,M. J. Rothschild,1,,,,NCSU,,,,,,,,,,Adult,,Hwy-82 at SR-1813,GeoLocate Software,,,,,,,,,,,,,,,,,,urn:uuid:86660326-d8e1-11e2-99a2-0026552be7ea,,,,,,North Carolina State University Insect Collection,,,,,,,L. L. Deitz,,,,,,General Collecting,Spissistilus festinus,"(Say,1866)",,Male,festinus,,North Carolina,,,,,,None,,,,,,,,,,,,,1997,,,,,,,,,,,,,,,,,,,,,,,,,,,,,,,,,,,,,,,,,,,,
e72ca05c-1086-481d-afa6-5dbff0483a05,,,,,2012-04-27,"Tri-Trophic Thematic Collection Network, 2014 (and updates). Version: 2015-03-18. http://tcn.amnh.org/. National Science Foundation grant(s) EF#1115081, EF#1115103, EF#1115080, EF#1115144, EF#1115191, EF#1115104, EF#1115115",,,,,,,,,,,,,,,PreservedSpecimen,,,NCSU 0126987,,,,,,,United States,,Cumberland,,urn:uuid:f0cec69a-853c-11e4-8259-0026552be7ea,"Plants, herbivores, and parasitoids: A model system for the study of tri-trophic associations project",1997,,35.15147,35.15147,,,,,,,,,,1997-10-25,,,,Membracidae,,,,,Spissistilus,,,,Uncert 2826 m. Marker in space between end of 1813 and Hwy 82,,,,,,,Animalia;Arthropoda;Membracidae;Smiliinae;Ceresini,,,,,,,,,M. J. Rothschild,1,,,,NCSU,,,,,,,,,,Adult,,Hwy-82 at SR-1813,GeoLocate Software,,,,,,,,,,,,,,,,,,urn:uuid:865faea4-d8e1-11e2-99a2-0026552be7ea,,,,,,North Carolina State University Insect Collection,,,,,,,M. J. Rothschild,,,,,,General Collecting,Spissistilus festinus,"(Say,1866)",,Female,festinus,,North Carolina,,,,,,None,,,,,,,,,,,,,1997,,,,,,,,,,,,,,,,,,,,,,,,,,,,,,,,,,,,,,,,,,,,
9738afb4-d5fb-4f2c-be01-c9538f86a37c,,,,,2014-11-29,"Tri-Trophic Thematic Collection Network, 2014 (and updates). Version: 2015-03-18. http://tcn.amnh.org/. National Science Foundation grant(s) EF#1115081, EF#1115103, EF#1115080, EF#1115144, EF#1115191, EF#1115104, EF#1115115",,,,,,,,,,,,,,associated with:Gossypium sp.,PreservedSpecimen,,,MEMU_ENT 00148590,,,,,,,United States,,Chowan,,urn:uuid:f0cec69a-853c-11e4-8259-0026552be7ea,"Plants, herbivores, and parasitoids: A model system for the study of tri-trophic associations project",1984,,36.02250,36.02250,,,,,,,,,,1978-07-19,,,,Cicadellidae,,,,,Graphocephala,,,,Location over water. Uncert covers land on boths sides 4931 m,,,,,,cultivated cotton,Animalia;Arthropoda;Cicadellidae;Cicadellinae;Cicadellini,,,,,,,,,L. W. Hepner,1,,,,MEMU,,,,,,,,,,Adult,,4 mi WSW of Edenton,GeoLocate Software,,,,,,,,,,,,,,,,,,urn:uuid:068e5d7c-6c3a-11e4-8259-0026552be7ea,,,,,,"Mississippi Entomological Museum, Mississippi State University",,,,,,,W. A. Dickerson,,,,,,Vacuum Sampling,Graphocephala versuta,"(Say,1830)",,Female,versuta,,North Carolina,,,,,,None,,,,,,,,,,,,,1978,,,,,,,,,,,,,,,,,,,,,,,,,,,,,,,,,,,,,,,,,,,,
631b9483-3bd1-4890-b786-2ba50705c750,,,,,2014-11-29,"Tri-Trophic Thematic Collection Network, 2014 (and updates). Version: 2015-03-18. http://tcn.amnh.org/. National Science Foundation grant(s) EF#1115081, EF#1115103, EF#1115080, EF#1115144, EF#1115191, EF#1115104, EF#1115115",,,,,,,,,,,,,,associated with:Gossypium sp.,PreservedSpecimen,,,MEMU_ENT 00148622,,,,,,,United States,,Chowan,,urn:uuid:f0cec69a-853c-11e4-8259-0026552be7ea,"Plants, herbivores, and parasitoids: A model system for the study of tri-trophic associations project",1984,,36.02250,36.02250,,,,,,,,,,1978-07-19,,,,Cicadellidae,,,,,Graphocephala,,,,Location over water. Uncert covers land on boths sides 4931 m,,,,,,cultivated cotton,Animalia;Arthropoda;Cicadellidae;Cicadellinae;Cicadellini,,,,,,,,,L. W. Hepner,1,,,,MEMU,,,,,,,,,,Adult,,4 mi WSW of Edenton,GeoLocate Software,,,,,,,,,,,,,,,,,,urn:uuid:faf753da-6f57-11e4-8259-0026552be7ea,,,,,,"Mississippi Entomological Museum, Mississippi State University",,,,,,,W. A. Dickerson,,,,,,Vacuum Sampling,Graphocephala versuta,"(Say,1830)",,Female,versuta,,North Carolina,,,,,,None,,,,,,,,,,,,,1978,,,,,,,,,,,,,,,,,,,,,,,,,,,,,,,,,,,,,,,,,,,,
946cc5d2-93f2-46bd-a398-725ad8835b8a,,,,,2014-07-11,"Tri-Trophic Thematic Collection Network, 2014 (and updates). Version: 2015-03-18. http://tcn.amnh.org/. National Science Foundation grant(s) EF#1115081, EF#1115103, EF#1115080, EF#1115144, EF#1115191, EF#1115104, EF#1115115",,,,,,,,,,,,,,associated with:Gossypium sp.,PreservedSpecimen,,,MEMU_ENT 00112507,,,,,,,United States,,Chowan,,urn:uuid:f0cec69a-853c-11e4-8259-0026552be7ea,"Plants, herbivores, and parasitoids: A model system for the study of tri-trophic associations project",,,36.02250,36.02250,,,,,,,,,,1978-07-19,,,,Anthocoridae,,,,,Orius,,,,Location over water. Uncert covers land on boths sides 4931 m,,,,,,cultivated cotton,Animalia;Arthropoda;Anthocoridae;Anthocorinae;Oriini,,,,,,,,,,1,,,,MEMU,,,,,,,,,,Adult,,4 mi WSW of Edenton,GeoLocate Software,,,,,,,,,,,,,,,,,,urn:uuid:88141a78-d8e1-11e2-99a2-0026552be7ea,,,,,,"Mississippi Entomological Museum, Mississippi State University",,,,,,,W. A. Dickerson,,,,,,Vacuum Sampling,Orius insidiosus,"Say,1832",,Female,insidiosus,,North Carolina,,,,,,None,,,,,,,,,,,,,1978,,,,,,,,,,,,,,,,,,,,,,,,,,,,,,,,,,,,,,,,,,,,
4eaec925-9d7e-4d1c-82fa-731c12872e7e,,,,,2012-05-01,"Tri-Trophic Thematic Collection Network, 2014 (and updates). Version: 2015-03-18. http://tcn.amnh.org/. National Science Foundation grant(s) EF#1115081, EF#1115103, EF#1115080, EF#1115144, EF#1115191, EF#1115104, EF#1115115",,,,,,,,,,,,,,,PreservedSpecimen,,,NCSU 0127083,,,,,,,United States,,Cumberland,,urn:uuid:f0cec69a-853c-11e4-8259-0026552be7ea,"Plants, herbivores, and parasitoids: A model system for the study of tri-trophic associations project",1997,,35.15147,35.15147,,,,,,,,,,1997-10-25,,,,Membracidae,,,,,Spissistilus,,,,Uncert 2826 m. Marker in space between end of 1813 and Hwy 82,,,,,,,Animalia;Arthropoda;Membracidae;Smiliinae;Ceresini,,,,,,,,,M. J. Rothschild,1,,,,NCSU,,,,,,,,,,Adult,,Hwy-82 at SR-1813,GeoLocate Software,,,,,,,,,,,,,,,,,,urn:uuid:86660524-d8e1-11e2-99a2-0026552be7ea,,,,,,North Carolina State University Insect Collection,,,,,,,L. L. Deitz,,,,,,General Collecting,Spissistilus festinus,"(Say,1866)",,Male,festinus,,North Carolina,,,,,,None,,,,,,,,,,,,,1997,,,,,,,,,,,,,,,,,,,,,,,,,,,,,,,,,,,,,,,,,,,,
0b040e0d-fd8c-4d8a-ad2c-334e9da310d4,,,,,2014-07-11,"Tri-Trophic Thematic Collection Network, 2014 (and updates). Version: 2015-03-18. http://tcn.amnh.org/. National Science Foundation grant(s) EF#1115081, EF#1115103, EF#1115080, EF#1115144, EF#1115191, EF#1115104, EF#1115115",,,,,,,,,,,,,,associated with:Gossypium sp.,PreservedSpecimen,,,MEMU_ENT 00112509,,,,,,,United States,,Chowan,,urn:uuid:f0cec69a-853c-11e4-8259-0026552be7ea,"Plants, herbivores, and parasitoids: A model system for the study of tri-trophic associations project",,,36.02250,36.02250,,,,,,,,,,1978-06-27,,,,Anthocoridae,,,,,Orius,,,,Location over water. Uncert covers land on boths sides 4931 m,,,,,,cultivated cotton,Animalia;Arthropoda;Anthocoridae;Anthocorinae;Oriini,,,,,,,,,,1,,,,MEMU,,,,,,,,,,Adult,,4 mi WSW of Edenton,GeoLocate Software,,,,,,,,,,,,,,,,,,urn:uuid:8814209a-d8e1-11e2-99a2-0026552be7ea,,,,,,"Mississippi Entomological Museum, Mississippi State University",,,,,,,W. A. Dickerson,,,,,,Vacuum Sampling,Orius insidiosus,"Say,1832",,Female,insidiosus,,North Carolina,,,,,,None,,,,,,,,,,,,,1978,,,,,,,,,,,,,,,,,,,,,,,,,,,,,,,,,,,,,,,,,,,,
64e70b54-5d88-429b-8691-77a6aeb2809a,,,,,2012-05-01,"Tri-Trophic Thematic Collection Network, 2014 (and updates). Version: 2015-03-18. http://tcn.amnh.org/. National Science Foundation grant(s) EF#1115081, EF#1115103, EF#1115080, EF#1115144, EF#1115191, EF#1115104, EF#1115115",,,,,,,,,,,,,,,PreservedSpecimen,,,NCSU 0127074,,,,,,,United States,,Cumberland,,urn:uuid:f0cec69a-853c-11e4-8259-0026552be7ea,"Plants, herbivores, and parasitoids: A model system for the study of tri-trophic associations project",1997,,35.15147,35.15147,,,,,,,,,,1997-10-25,,,,Membracidae,,,,,Spissistilus,,,,Uncert 2826 m. Marker in space between end of 1813 and Hwy 82,,,,,,,Animalia;Arthropoda;Membracidae;Smiliinae;Ceresini,,,,,,,,,M. J. Rothschild,1,,,,NCSU,,,,,,,,,,Adult,,Hwy-82 at SR-1813,GeoLocate Software,,,,,,,,,,,,,,,,,,urn:uuid:8665fe76-d8e1-11e2-99a2-0026552be7ea,,,,,,North Carolina State University Insect Collection,,,,,,,L. L. Deitz,,,,,,General Collecting,Spissistilus festinus,"(Say,1866)",,Female,festinus,,North Carolina,,,,,,None,,,,,,,,,,,,,1997,,,,,,,,,,,,,,,,,,,,,,,,,,,,,,,,,,,,,,,,,,,,
8b7b7b8e-e60b-435b-b0f7-57f744e92477,,,,,2014-07-08,"Tri-Trophic Thematic Collection Network, 2014 (and updates). Version: 2015-03-18. http://tcn.amnh.org/. National Science Foundation grant(s) EF#1115081, EF#1115103, EF#1115080, EF#1115144, EF#1115191, EF#1115104, EF#1115115",,,,,,,,,,,,,,associated with:Gossypium sp.,PreservedSpecimen,,,MEMU_ENT 00132171,,,,,,,United States,,Chowan,,urn:uuid:f0cec69a-853c-11e4-8259-0026552be7ea,"Plants, herbivores, and parasitoids: A model system for the study of tri-trophic associations project",1984,,36.02250,36.02250,,,,,,,,,,1978-06-27,,,,Cicadellidae,,,,,Agallia,,,,Location over water. Uncert covers land on boths sides 4931 m,,,,,,cultivated cotton,Animalia;Arthropoda;Cicadellidae;Agalliinae;Agalliini,,,,,,,,,L. W. Hepner,1,,,,MEMU,,,,,,,,,,Adult,,4 mi WSW of Edenton,GeoLocate Software,,,,,,,,,,,,,,,,,,urn:uuid:9c115478-06f3-11e4-8259-0026552be7ea,,,,,,"Mississippi Entomological Museum, Mississippi State University",,,,,,,W. A. Dickerson,,,,,,Unknown,Agallia,,,Female,,,North Carolina,,,,,,None,,,,,,,,,,,,,1978,,,,,,,,,,,,,,,,,,,,,,,,,,,,,,,,,,,,,,,,,,,,
72e6e64b-e3dc-42e8-bf6c-44c551af6415,,,,,2014-12-17,"Tri-Trophic Thematic Collection Network, 2014 (and updates). Version: 2015-03-18. http://tcn.amnh.org/. National Science Foundation grant(s) EF#1115081, EF#1115103, EF#1115080, EF#1115144, EF#1115191, EF#1115104, EF#1115115",,,,,,,,,,,,,,associated with:Gossypium sp.,PreservedSpecimen,,,MEMU_ENT 00149332,,,,,,,United States,,Chowan,,urn:uuid:f0cec69a-853c-11e4-8259-0026552be7ea,"Plants, herbivores, and parasitoids: A model system for the study of tri-trophic associations project",1984,,36.02250,36.02250,,,,,,,,,,1978-06-27,,,,Cicadellidae,,,,,Empoasca,,,,Location over water. Uncert covers land on boths sides 4931 m,,,,,,cultivated cotton,Animalia;Arthropoda;Cicadellidae;Typhlocybinae;Empoascini,,,,,,,,,L. W. Hepner,1,,,,MEMU,,,,,,,,,,Adult,,4 mi WSW of Edenton,GeoLocate Software,,,,,,,,,,,,,,,,,,urn:uuid:90bf8bf6-849a-11e4-8259-0026552be7ea,,,,,,"Mississippi Entomological Museum, Mississippi State University",,,,,,,W. A. Dickerson,,,,,,Vacuum Sampling,Empoasca  Empoasca,,,Male,,,North Carolina,Empoasca,,,,,None,,,,,,,,,,,,,1978,,,,,,,,,,,,,,,,,,,,,,,,,,,,,,,,,,,,,,,,,,,,
22fea02d-2d20-490b-a6a1-9e76b6c115ed,,,,,2012-05-01,"Tri-Trophic Thematic Collection Network, 2014 (and updates). Version: 2015-03-18. http://tcn.amnh.org/. National Science Foundation grant(s) EF#1115081, EF#1115103, EF#1115080, EF#1115144, EF#1115191, EF#1115104, EF#1115115",,,,,,,,,,,,,,,PreservedSpecimen,,,NCSU 0127075,,,,,,,United States,,Cumberland,,urn:uuid:f0cec69a-853c-11e4-8259-0026552be7ea,"Plants, herbivores, and parasitoids: A model system for the study of tri-trophic associations project",1997,,35.15147,35.15147,,,,,,,,,,1997-10-25,,,,Membracidae,,,,,Spissistilus,,,,Uncert 2826 m. Marker in space between end of 1813 and Hwy 82,,,,,,,Animalia;Arthropoda;Membracidae;Smiliinae;Ceresini,,,,,,,,,M. J. Rothschild,1,,,,NCSU,,,,,,,,,,Adult,,Hwy-82 at SR-1813,GeoLocate Software,,,,,,,,,,,,,,,,,,urn:uuid:8665ff20-d8e1-11e2-99a2-0026552be7ea,,,,,,North Carolina State University Insect Collection,,,,,,,L. L. Deitz,,,,,,General Collecting,Spissistilus festinus,"(Say,1866)",,Female,festinus,,North Carolina,,,,,,None,,,,,,,,,,,,,1997,,,,,,,,,,,,,,,,,,,,,,,,,,,,,,,,,,,,,,,,,,,,
e7924886-bf63-40f1-910a-9195d1b163ea,,,,,2014-12-17,"Tri-Trophic Thematic Collection Network, 2014 (and updates). Version: 2015-03-18. http://tcn.amnh.org/. National Science Foundation grant(s) EF#1115081, EF#1115103, EF#1115080, EF#1115144, EF#1115191, EF#1115104, EF#1115115",,,,,,,,,,,,,,associated with:Gossypium sp.,PreservedSpecimen,,,MEMU_ENT 00149346,,,,,,,United States,,Chowan,,urn:uuid:f0cec69a-853c-11e4-8259-0026552be7ea,"Plants, herbivores, and parasitoids: A model system for the study of tri-trophic associations project",1984,,36.02250,36.02250,,,,,,,,,,1978-06-27,,,,Cicadellidae,,,,,Empoasca,,,,Location over water. Uncert covers land on boths sides 4931 m,,,,,,cultivated cotton,Animalia;Arthropoda;Cicadellidae;Typhlocybinae;Empoascini,,,,,,,,,L. W. Hepner,1,,,,MEMU,,,,,,,,,,Adult,,4 mi WSW of Edenton,GeoLocate Software,,,,,,,,,,,,,,,,,,urn:uuid:7e792c9c-84b1-11e4-8259-0026552be7ea,,,,,,"Mississippi Entomological Museum, Mississippi State University",,,,,,,W. A. Dickerson,,,,,,Vacuum Sampling,Empoasca  Empoasca,,,Female,,,North Carolina,Empoasca,,,,,None,,,,,,,,,,,,,1978,,,,,,,,,,,,,,,,,,,,,,,,,,,,,,,,,,,,,,,,,,,,
6c064170-a985-41a4-8cfa-7995f3d784ab,,,,,2012-05-01,"Tri-Trophic Thematic Collection Network, 2014 (and updates). Version: 2015-03-18. http://tcn.amnh.org/. National Science Foundation grant(s) EF#1115081, EF#1115103, EF#1115080, EF#1115144, EF#1115191, EF#1115104, EF#1115115",,,,,,,,,,,,,,,PreservedSpecimen,,,NCSU 0127076,,,,,,,United States,,Cumberland,,urn:uuid:f0cec69a-853c-11e4-8259-0026552be7ea,"Plants, herbivores, and parasitoids: A model system for the study of tri-trophic associations project",1997,,35.15147,35.15147,,,,,,,,,,1997-10-25,,,,Membracidae,,,,,Spissistilus,,,,Uncert 2826 m. Marker in space between end of 1813 and Hwy 82,,,,,,,Animalia;Arthropoda;Membracidae;Smiliinae;Ceresini,,,,,,,,,M. J. Rothschild,1,,,,NCSU,,,,,,,,,,Adult,,Hwy-82 at SR-1813,GeoLocate Software,,,,,,,,,,,,,,,,,,urn:uuid:8665ffca-d8e1-11e2-99a2-0026552be7ea,,,,,,North Carolina State University Insect Collection,,,,,,,L. L. Deitz,,,,,,General Collecting,Spissistilus festinus,"(Say,1866)",,Female,festinus,,North Carolina,,,,,,None,,,,,,,,,,,,,1997,,,,,,,,,,,,,,,,,,,,,,,,,,,,,,,,,,,,,,,,,,,,
6c11f767-a67e-4fcc-b037-c60e5a5bfcd7,,,,,2012-06-21,"Tri-Trophic Thematic Collection Network, 2014 (and updates). Version: 2015-03-18. http://tcn.amnh.org/. National Science Foundation grant(s) EF#1115081, EF#1115103, EF#1115080, EF#1115144, EF#1115191, EF#1115104, EF#1115115",,,,,,,,,,,,,,,PreservedSpecimen,,,UDCC_TCN 00006074,,,,,,,United States,,Cumberland,,urn:uuid:f0cec69a-853c-11e4-8259-0026552be7ea,"Plants, herbivores, and parasitoids: A model system for the study of tri-trophic associations project",1997,,35.15147,35.15147,,,,,,,,,,1997-10-25,,,,Membracidae,,,,,Spissistilus,,,,Uncert 2826 m. Marker in space between end of 1813 and Hwy 82,,,,,,,Animalia;Arthropoda;Membracidae;Smiliinae;Ceresini,,,,,,,,,M. J. Rothschild,1,,,,UDCC,,,,,,,,,,Adult,,Hwy-82 at SR-1813,GeoLocate Software,,,,,,,,,,,,,,,,,,urn:uuid:86ce352c-d8e1-11e2-99a2-0026552be7ea,,,,,,University of Delaware,,,,,,,M. J. Rothschild,,,,,,Netting,Spissistilus festinus,"(Say,1866)",,,festinus,,North Carolina,,,,,,None,,,,,,,,,,,,,1997,,,,,,,,,,,,,,,,,,,,,,,,,,,,,,,,,,,,,,,,,,,,
8c502cfb-7709-4323-821f-93ebecfc29c1,,,,,2012-04-20,"Tri-Trophic Thematic Collection Network, 2014 (and updates). Version: 2015-03-18. http://tcn.amnh.org/. National Science Foundation grant(s) EF#1115081, EF#1115103, EF#1115080, EF#1115144, EF#1115191, EF#1115104, EF#1115115",,,,,,,,,,,,,,associated with:Eupatorium sp.,PreservedSpecimen,,,NCSU 0098939,,,,,,,United States,,Cumberland,,urn:uuid:f0cec69a-853c-11e4-8259-0026552be7ea,"Plants, herbivores, and parasitoids: A model system for the study of tri-trophic associations project",1997,,35.15147,35.15147,,,,,,,,,,1997-10-25,,,,Membracidae,,,,,Spissistilus,,,,Uncert 2826 m. Marker in space between end of 1813 and Hwy 82,,,,,,,Animalia;Arthropoda;Membracidae;Smiliinae;Ceresini,,,,,,,,,M. J. Rothschild,1,,,,NCSU,,,,,,,,,,Adult,,Hwy-82 at SR-1813,GeoLocate Software,,,,,,,,,,,,,,,,,,urn:uuid:8652025e-d8e1-11e2-99a2-0026552be7ea,,,,,,North Carolina State University Insect Collection,,,,,,,M. J. Rothschild,,,,,,General Collecting,Spissistilus festinus,"(Say,1866)",,Male,festinus,,North Carolina,,,,,,None,,,,,,,,,,,,,1997,,,,,,,,,,,,,,,,,,,,,,,,,,,,,,,,,,,,,,,,,,,,
49b434c4-0d73-4b88-8a2a-313e325c0b3e,,,,,2014-07-08,"Tri-Trophic Thematic Collection Network, 2014 (and updates). Version: 2015-03-18. http://tcn.amnh.org/. National Science Foundation grant(s) EF#1115081, EF#1115103, EF#1115080, EF#1115144, EF#1115191, EF#1115104, EF#1115115",,,,,,,,,,,,,,associated with:Gossypium sp.,PreservedSpecimen,,,MEMU_ENT 00132170,,,,,,,United States,,Chowan,,urn:uuid:f0cec69a-853c-11e4-8259-0026552be7ea,"Plants, herbivores, and parasitoids: A model system for the study of tri-trophic associations project",1984,,36.02250,36.02250,,,,,,,,,,1978-06-27,,,,Cicadellidae,,,,,Agallia,,,,Location over water. Uncert covers land on boths sides 4931 m,,,,,,cultivated cotton,Animalia;Arthropoda;Cicadellidae;Agalliinae;Agalliini,,,,,,,,,L. W. Hepner,1,,,,MEMU,,,,,,,,,,Adult,,4 mi WSW of Edenton,GeoLocate Software,,,,,,,,,,,,,,,,,,urn:uuid:9c0eff52-06f3-11e4-8259-0026552be7ea,,,,,,"Mississippi Entomological Museum, Mississippi State University",,,,,,,W. A. Dickerson,,,,,,Unknown,Agallia,,,Female,,,North Carolina,,,,,,None,,,,,,,,,,,,,1978,,,,,,,,,,,,,,,,,,,,,,,,,,,,,,,,,,,,,,,,,,,,
15fd13e0-04d6-4f98-b8f6-2ca4b91e1023,,,,,2014-08-25,"Tri-Trophic Thematic Collection Network, 2014 (and updates). Version: 2015-03-18. http://tcn.amnh.org/. National Science Foundation grant(s) EF#1115081, EF#1115103, EF#1115080, EF#1115144, EF#1115191, EF#1115104, EF#1115115",,,,,,,,,,,,,,associated with:Gossypium sp.,PreservedSpecimen,,,MEMU_ENT 00132172,,,,,,,United States,,Chowan,,urn:uuid:f0cec69a-853c-11e4-8259-0026552be7ea,"Plants, herbivores, and parasitoids: A model system for the study of tri-trophic associations project",,,36.02250,36.02250,,,,,,,,,,1978-07-19,,,,Cicadellidae,,,,,Agallia,,,,Location over water. Uncert covers land on boths sides 4931 m,,,,,,,Animalia;Arthropoda;Cicadellidae;Agalliinae;Agalliini,,,,,,,,,,1,,,,MEMU,,,,,,,,,,Adult,,4 mi WSW of Edenton,GeoLocate Software,,,,,,,,,,,,,,,,,,urn:uuid:ced4f206-d20b-11e3-8259-0026552be7ea,,,,,,"Mississippi Entomological Museum, Mississippi State University",,,,,,,W. A. Dickerson,,,,,,Vacuum Sampling,Agallia,,,Male,,,North Carolina,,,,,,None,,,,,,,,,,,,,1978,,,,,,,,,,,,,,,,,,,,,,,,,,,,,,,,,,,,,,,,,,,,
8419f539-d980-4b18-96ea-2dabc67dd2c9,,,,,2014-11-29,"Tri-Trophic Thematic Collection Network, 2014 (and updates). Version: 2015-03-18. http://tcn.amnh.org/. National Science Foundation grant(s) EF#1115081, EF#1115103, EF#1115080, EF#1115144, EF#1115191, EF#1115104, EF#1115115",,,,,,,,,,,,,,associated with:Gossypium sp.,PreservedSpecimen,,,MEMU_ENT 00148585,,,,,,,United States,,Chowan,,urn:uuid:f0cec69a-853c-11e4-8259-0026552be7ea,"Plants, herbivores, and parasitoids: A model system for the study of tri-trophic associations project",1984,,36.02250,36.02250,,,,,,,,,,1978-06-27,,,,Cicadellidae,,,,,Graphocephala,,,,Location over water. Uncert covers land on boths sides 4931 m,,,,,,cultivated cotton,Animalia;Arthropoda;Cicadellidae;Cicadellinae;Cicadellini,,,,,,,,,L. W. Hepner,1,,,,MEMU,,,,,,,,,,Adult,,4 mi WSW of Edenton,GeoLocate Software,,,,,,,,,,,,,,,,,,urn:uuid:1d95013e-6c39-11e4-8259-0026552be7ea,,,,,,"Mississippi Entomological Museum, Mississippi State University",,,,,,,W. A. Dickerson,,,,,,Vacuum Sampling,Graphocephala versuta,"(Say,1830)",,Male,versuta,,North Carolina,,,,,,None,,,,,,,,,,,,,1978,,,,,,,,,,,,,,,,,,,,,,,,,,,,,,,,,,,,,,,,,,,,
00e1c21a-d621-47ad-a0fc-543c1a23fc4c,,,,,2012-05-01,"Tri-Trophic Thematic Collection Network, 2014 (and updates). Version: 2015-03-18. http://tcn.amnh.org/. National Science Foundation grant(s) EF#1115081, EF#1115103, EF#1115080, EF#1115144, EF#1115191, EF#1115104, EF#1115115",,,,,,,,,,,,,,,PreservedSpecimen,,,NCSU 0127078,,,,,,,United States,,Cumberland,,urn:uuid:f0cec69a-853c-11e4-8259-0026552be7ea,"Plants, herbivores, and parasitoids: A model system for the study of tri-trophic associations project",1997,,35.15147,35.15147,,,,,,,,,,1997-10-25,,,,Membracidae,,,,,Spissistilus,,,,Uncert 2826 m. Marker in space between end of 1813 and Hwy 82,,,,,,,Animalia;Arthropoda;Membracidae;Smiliinae;Ceresini,,,,,,,,,M. J. Rothschild,1,,,,NCSU,,,,,,,,,,Adult,,Hwy-82 at SR-1813,GeoLocate Software,,,,,,,,,,,,,,,,,,urn:uuid:8666011e-d8e1-11e2-99a2-0026552be7ea,,,,,,North Carolina State University Insect Collection,,,,,,,L. L. Deitz,,,,,,General Collecting,Spissistilus festinus,"(Say,1866)",,Female,festinus,,North Carolina,,,,,,None,,,,,,,,,,,,,1997,,,,,,,,,,,,,,,,,,,,,,,,,,,,,,,,,,,,,,,,,,,,
38ee2aa3-162b-4b40-884b-a232a60e6680,,,,,2012-05-01,"Tri-Trophic Thematic Collection Network, 2014 (and updates). Version: 2015-03-18. http://tcn.amnh.org/. National Science Foundation grant(s) EF#1115081, EF#1115103, EF#1115080, EF#1115144, EF#1115191, EF#1115104, EF#1115115",,,,,,,,,,,,,,,PreservedSpecimen,,,NCSU 0127085,,,,,,,United States,,Cumberland,,urn:uuid:f0cec69a-853c-11e4-8259-0026552be7ea,"Plants, herbivores, and parasitoids: A model system for the study of tri-trophic associations project",1997,,35.15147,35.15147,,,,,,,,,,1997-10-25,,,,Membracidae,,,,,Spissistilus,,,,Uncert 2826 m. Marker in space between end of 1813 and Hwy 82,,,,,,,Animalia;Arthropoda;Membracidae;Smiliinae;Ceresini,,,,,,,,,M. J. Rothschild,1,,,,NCSU,,,,,,,,,,Adult,,Hwy-82 at SR-1813,GeoLocate Software,,,,,,,,,,,,,,,,,,urn:uuid:86660678-d8e1-11e2-99a2-0026552be7ea,,,,,,North Carolina State University Insect Collection,,,,,,,L. L. Deitz,,,,,,General Collecting,Spissistilus festinus,"(Say,1866)",,Male,festinus,,North Carolina,,,,,,None,,,,,,,,,,,,,1997,,,,,,,,,,,,,,,,,,,,,,,,,,,,,,,,,,,,,,,,,,,,
f3751447-ea22-4a70-9641-560353b611d4,,,,,2012-05-01,"Tri-Trophic Thematic Collection Network, 2014 (and updates). Version: 2015-03-18. http://tcn.amnh.org/. National Science Foundation grant(s) EF#1115081, EF#1115103, EF#1115080, EF#1115144, EF#1115191, EF#1115104, EF#1115115",,,,,,,,,,,,,,,PreservedSpecimen,,,NCSU 0127087,,,,,,,United States,,Cumberland,,urn:uuid:f0cec69a-853c-11e4-8259-0026552be7ea,"Plants, herbivores, and parasitoids: A model system for the study of tri-trophic associations project",1997,,35.15147,35.15147,,,,,,,,,,1997-10-25,,,,Membracidae,,,,,Spissistilus,,,,Uncert 2826 m. Marker in space between end of 1813 and Hwy 82,,,,,,,Animalia;Arthropoda;Membracidae;Smiliinae;Ceresini,,,,,,,,,M. J. Rothschild,1,,,,NCSU,,,,,,,,,,Adult,,Hwy-82 at SR-1813,GeoLocate Software,,,,,,,,,,,,,,,,,,urn:uuid:866607cc-d8e1-11e2-99a2-0026552be7ea,,,,,,North Carolina State University Insect Collection,,,,,,,L. L. Deitz,,,,,,General Collecting,Spissistilus festinus,"(Say,1866)",,Male,festinus,,North Carolina,,,,,,None,,,,,,,,,,,,,1997,,,,,,,,,,,,,,,,,,,,,,,,,,,,,,,,,,,,,,,,,,,,
08940264-f816-48ec-86cf-73a6046262da,,,,,2012-05-01,"Tri-Trophic Thematic Collection Network, 2014 (and updates). Version: 2015-03-18. http://tcn.amnh.org/. National Science Foundation grant(s) EF#1115081, EF#1115103, EF#1115080, EF#1115144, EF#1115191, EF#1115104, EF#1115115",,,,,,,,,,,,,,,PreservedSpecimen,,,NCSU 0127079,,,,,,,United States,,Cumberland,,urn:uuid:f0cec69a-853c-11e4-8259-0026552be7ea,"Plants, herbivores, and parasitoids: A model system for the study of tri-trophic associations project",1997,,35.15147,35.15147,,,,,,,,,,1997-10-25,,,,Membracidae,,,,,Spissistilus,,,,Uncert 2826 m. Marker in space between end of 1813 and Hwy 82,,,,,,,Animalia;Arthropoda;Membracidae;Smiliinae;Ceresini,,,,,,,,,M. J. Rothschild,1,,,,NCSU,,,,,,,,,,Adult,,Hwy-82 at SR-1813,GeoLocate Software,,,,,,,,,,,,,,,,,,urn:uuid:86660272-d8e1-11e2-99a2-0026552be7ea,,,,,,North Carolina State University Insect Collection,,,,,,,L. L. Deitz,,,,,,General Collecting,Spissistilus festinus,"(Say,1866)",,Male,festinus,,North Carolina,,,,,,None,,,,,,,,,,,,,1997,,,,,,,,,,,,,,,,,,,,,,,,,,,,,,,,,,,,,,,,,,,,
55c6cf73-cc3d-4962-a182-dd58da7bf840,,,,,2014-11-29,"Tri-Trophic Thematic Collection Network, 2014 (and updates). Version: 2015-03-18. http://tcn.amnh.org/. National Science Foundation grant(s) EF#1115081, EF#1115103, EF#1115080, EF#1115144, EF#1115191, EF#1115104, EF#1115115",,,,,,,,,,,,,,associated with:Gossypium sp.,PreservedSpecimen,,,MEMU_ENT 00148582,,,,,,,United States,,Chowan,,urn:uuid:f0cec69a-853c-11e4-8259-0026552be7ea,"Plants, herbivores, and parasitoids: A model system for the study of tri-trophic associations project",1984,,36.02250,36.02250,,,,,,,,,,1978-07-19,,,,Cicadellidae,,,,,Graphocephala,,,,Location over water. Uncert covers land on boths sides 4931 m,,,,,,cultivated cotton,Animalia;Arthropoda;Cicadellidae;Cicadellinae;Cicadellini,,,,,,,,,L. W. Hepner,1,,,,MEMU,,,,,,,,,,Adult,,4 mi WSW of Edenton,GeoLocate Software,,,,,,,,,,,,,,,,,,urn:uuid:7fa5a6ae-6c38-11e4-8259-0026552be7ea,,,,,,"Mississippi Entomological Museum, Mississippi State University",,,,,,,W. A. Dickerson,,,,,,Vacuum Sampling,Graphocephala versuta,"(Say,1830)",,Male,versuta,,North Carolina,,,,,,None,,,,,,,,,,,,,1978,,,,,,,,,,,,,,,,,,,,,,,,,,,,,,,,,,,,,,,,,,,,
907a1399-46dc-46a2-9ae6-0b8d521aef95,,,,,2012-05-01,"Tri-Trophic Thematic Collection Network, 2014 (and updates). Version: 2015-03-18. http://tcn.amnh.org/. National Science Foundation grant(s) EF#1115081, EF#1115103, EF#1115080, EF#1115144, EF#1115191, EF#1115104, EF#1115115",,,,,,,,,,,,,,,PreservedSpecimen,,,NCSU 0127073,,,,,,,United States,,Cumberland,,urn:uuid:f0cec69a-853c-11e4-8259-0026552be7ea,"Plants, herbivores, and parasitoids: A model system for the study of tri-trophic associations project",1997,,35.15147,35.15147,,,,,,,,,,1997-10-25,,,,Membracidae,,,,,Spissistilus,,,,Uncert 2826 m. Marker in space between end of 1813 and Hwy 82,,,,,,,Animalia;Arthropoda;Membracidae;Smiliinae;Ceresini,,,,,,,,,M. J. Rothschild,1,,,,NCSU,,,,,,,,,,Adult,,Hwy-82 at SR-1813,GeoLocate Software,,,,,,,,,,,,,,,,,,urn:uuid:8665fdcc-d8e1-11e2-99a2-0026552be7ea,,,,,,North Carolina State University Insect Collection,,,,,,,L. L. Deitz,,,,,,General Collecting,Spissistilus festinus,"(Say,1866)",,Female,festinus,,North Carolina,,,,,,None,,,,,,,,,,,,,1997,,,,,,,,,,,,,,,,,,,,,,,,,,,,,,,,,,,,,,,,,,,,
6e4b23a4-b5f2-4e05-845e-a9b09030c518,,,,,2012-05-01,"Tri-Trophic Thematic Collection Network, 2014 (and updates). Version: 2015-03-18. http://tcn.amnh.org/. National Science Foundation grant(s) EF#1115081, EF#1115103, EF#1115080, EF#1115144, EF#1115191, EF#1115104, EF#1115115",,,,,,,,,,,,,,,PreservedSpecimen,,,NCSU 0127086,,,,,,,United States,,Cumberland,,urn:uuid:f0cec69a-853c-11e4-8259-0026552be7ea,"Plants, herbivores, and parasitoids: A model system for the study of tri-trophic associations project",1997,,35.15147,35.15147,,,,,,,,,,1997-10-25,,,,Membracidae,,,,,Spissistilus,,,,Uncert 2826 m. Marker in space between end of 1813 and Hwy 82,,,,,,,Animalia;Arthropoda;Membracidae;Smiliinae;Ceresini,,,,,,,,,M. J. Rothschild,1,,,,NCSU,,,,,,,,,,Adult,,Hwy-82 at SR-1813,GeoLocate Software,,,,,,,,,,,,,,,,,,urn:uuid:86660722-d8e1-11e2-99a2-0026552be7ea,,,,,,North Carolina State University Insect Collection,,,,,,,L. L. Deitz,,,,,,General Collecting,Spissistilus festinus,"(Say,1866)",,Male,festinus,,North Carolina,,,,,,None,,,,,,,,,,,,,1997,,,,,,,,,,,,,,,,,,,,,,,,,,,,,,,,,,,,,,,,,,,,
b785b8d2-7435-4b2a-bd05-7cfe28f2833a,,,,,2012-04-27,"Tri-Trophic Thematic Collection Network, 2014 (and updates). Version: 2015-03-18. http://tcn.amnh.org/. National Science Foundation grant(s) EF#1115081, EF#1115103, EF#1115080, EF#1115144, EF#1115191, EF#1115104, EF#1115115",,,,,,,,,,,,,,,PreservedSpecimen,,,NCSU 0126985,,,,,,,United States,,Cumberland,,urn:uuid:f0cec69a-853c-11e4-8259-0026552be7ea,"Plants, herbivores, and parasitoids: A model system for the study of tri-trophic associations project",1997,,35.15147,35.15147,,,,,,,,,,1997-10-25,,,,Membracidae,,,,,Spissistilus,,,,Uncert 2826 m. Marker in space between end of 1813 and Hwy 82,,,,,,,Animalia;Arthropoda;Membracidae;Smiliinae;Ceresini,,,,,,,,,M. J. Rothschild,1,,,,NCSU,,,,,,,,,,Adult,,Hwy-82 at SR-1813,GeoLocate Software,,,,,,,,,,,,,,,,,,urn:uuid:865fad5a-d8e1-11e2-99a2-0026552be7ea,,,,,,North Carolina State University Insect Collection,,,,,,,M. J. Rothschild,,,,,,General Collecting,Spissistilus festinus,"(Say,1866)",,Female,festinus,,North Carolina,,,,,,None,,,,,,,,,,,,,1997,,,,,,,,,,,,,,,,,,,,,,,,,,,,,,,,,,,,,,,,,,,,
2b670904-4344-4859-8219-9b69e98c49c5,,,,,2012-05-01,"Tri-Trophic Thematic Collection Network, 2014 (and updates). Version: 2015-03-18. http://tcn.amnh.org/. National Science Foundation grant(s) EF#1115081, EF#1115103, EF#1115080, EF#1115144, EF#1115191, EF#1115104, EF#1115115",,,,,,,,,,,,,,,PreservedSpecimen,,,NCSU 0127088,,,,,,,United States,,Cumberland,,urn:uuid:f0cec69a-853c-11e4-8259-0026552be7ea,"Plants, herbivores, and parasitoids: A model system for the study of tri-trophic associations project",1997,,35.15147,35.15147,,,,,,,,,,1997-10-25,,,,Membracidae,,,,,Spissistilus,,,,Uncert 2826 m. Marker in space between end of 1813 and Hwy 82,,,,,,,Animalia;Arthropoda;Membracidae;Smiliinae;Ceresini,,,,,,,,,M. J. Rothschild,1,,,,NCSU,,,,,,,,,,Adult,,Hwy-82 at SR-1813,GeoLocate Software,,,,,,,,,,,,,,,,,,urn:uuid:86660876-d8e1-11e2-99a2-0026552be7ea,,,,,,North Carolina State University Insect Collection,,,,,,,L. L. Deitz,,,,,,General Collecting,Spissistilus festinus,"(Say,1866)",,Male,festinus,,North Carolina,,,,,,None,,,,,,,,,,,,,1997,,,,,,,,,,,,,,,,,,,,,,,,,,,,,,,,,,,,,,,,,,,,
19dd4955-2500-45f5-a8ea-32561af9b778,,,,,2014-07-11,"Tri-Trophic Thematic Collection Network, 2014 (and updates). Version: 2015-03-18. http://tcn.amnh.org/. National Science Foundation grant(s) EF#1115081, EF#1115103, EF#1115080, EF#1115144, EF#1115191, EF#1115104, EF#1115115",,,,,,,,,,,,,,associated with:Gossypium sp.,PreservedSpecimen,,,MEMU_ENT 00112508,,,,,,,United States,,Chowan,,urn:uuid:f0cec69a-853c-11e4-8259-0026552be7ea,"Plants, herbivores, and parasitoids: A model system for the study of tri-trophic associations project",,,36.02250,36.02250,,,,,,,,,,1978-06-28,,,,Anthocoridae,,,,,Orius,,,,Location over water. Uncert covers land on boths sides 4931 m,,,,,,cultivated cotton,Animalia;Arthropoda;Anthocoridae;Anthocorinae;Oriini,,,,,,,,,,1,,,,MEMU,,,,,,,,,,Adult,,4 mi WSW of Edenton,GeoLocate Software,,,,,,,,,,,,,,,,,,urn:uuid:88141e06-d8e1-11e2-99a2-0026552be7ea,,,,,,"Mississippi Entomological Museum, Mississippi State University",,,,,,,W. A. Dickerson,,,,,,Unknown,Orius insidiosus,"Say,1832",,Female,insidiosus,,North Carolina,,,,,,None,,,,,,,,,,,,,1978,,,,,,,,,,,,,,,,,,,,,,,,,,,,,,,,,,,,,,,,,,,,
63f8cbb8-803d-49c4-b06b-92e11585dbe3,,,,,2013-10-24,"Tri-Trophic Thematic Collection Network, 2014 (and updates). Version: 2015-03-18. http://tcn.amnh.org/. National Science Foundation grant(s) EF#1115081, EF#1115103, EF#1115080, EF#1115144, EF#1115191, EF#1115104, EF#1115115",,,,,,,,,,,,,,,PreservedSpecimen,,,EMEC711054,,,,,,,United States,,Merced,,urn:uuid:f0cec69a-853c-11e4-8259-0026552be7ea,"Plants, herbivores, and parasitoids: A model system for the study of tri-trophic associations project",,,37.18908,37.18908,,,,,,,,,,1959-03-25,,,,Braconidae,,,,,Praon,,,,Uncertainty: 19160 m; Centrad; Geolocate 2015,,,,,,,Animalia;Arthropoda;Braconidae;Aphidiinae;Praini,,,,,,,,,,1,,,,UCB,,,,,,,,,,Adult,,14 mi N of Dos Palos,GeoLocate Software,,,,,,,,,,,,,,,,,,urn:catalog:EMEC:EMEC:711054,,,,,,"University of California, Berkeley",,,,,,,K.S. Hagen,,,,,,Unknown,Praon,,,,,,California,,,,,,None,,,,,,,,,,,,,1959,,,,,,,,,,,,,,,,,,,,,,,,,,,,,,,,,,,,,,,,,,,,
194bd61c-85d6-4ea8-a7b1-024ec40de637,,,,,2012-05-01,"Tri-Trophic Thematic Collection Network, 2014 (and updates). Version: 2015-03-18. http://tcn.amnh.org/. National Science Foundation grant(s) EF#1115081, EF#1115103, EF#1115080, EF#1115144, EF#1115191, EF#1115104, EF#1115115",,,,,,,,,,,,,,,PreservedSpecimen,,,NCSU 0127081,,,,,,,United States,,Cumberland,,urn:uuid:f0cec69a-853c-11e4-8259-0026552be7ea,"Plants, herbivores, and parasitoids: A model system for the study of tri-trophic associations project",1997,,35.15147,35.15147,,,,,,,,,,1997-10-25,,,,Membracidae,,,,,Spissistilus,,,,Uncert 2826 m. Marker in space between end of 1813 and Hwy 82,,,,,,,Animalia;Arthropoda;Membracidae;Smiliinae;Ceresini,,,,,,,,,M. J. Rothschild,1,,,,NCSU,,,,,,,,,,Adult,,Hwy-82 at SR-1813,GeoLocate Software,,,,,,,,,,,,,,,,,,urn:uuid:866603d0-d8e1-11e2-99a2-0026552be7ea,,,,,,North Carolina State University Insect Collection,,,,,,,L. L. Deitz,,,,,,General Collecting,Spissistilus festinus,"(Say,1866)",,Male,festinus,,North Carolina,,,,,,None,,,,,,,,,,,,,1997,,,,,,,,,,,,,,,,,,,,,,,,,,,,,,,,,,,,,,,,,,,,
186c5d8d-dce8-49d8-9717-78cf448fd91e,,,,,2012-05-01,"Tri-Trophic Thematic Collection Network, 2014 (and updates). Version: 2015-03-18. http://tcn.amnh.org/. National Science Foundation grant(s) EF#1115081, EF#1115103, EF#1115080, EF#1115144, EF#1115191, EF#1115104, EF#1115115",,,,,,,,,,,,,,,PreservedSpecimen,,,NCSU 0127084,,,,,,,United States,,Cumberland,,urn:uuid:f0cec69a-853c-11e4-8259-0026552be7ea,"Plants, herbivores, and parasitoids: A model system for the study of tri-trophic associations project",1997,,35.15147,35.15147,,,,,,,,,,1997-10-25,,,,Membracidae,,,,,Spissistilus,,,,Uncert 2826 m. Marker in space between end of 1813 and Hwy 82,,,,,,,Animalia;Arthropoda;Membracidae;Smiliinae;Ceresini,,,,,,,,,M. J. Rothschild,1,,,,NCSU,,,,,,,,,,Adult,,Hwy-82 at SR-1813,GeoLocate Software,,,,,,,,,,,,,,,,,,urn:uuid:866605ce-d8e1-11e2-99a2-0026552be7ea,,,,,,North Carolina State University Insect Collection,,,,,,,L. L. Deitz,,,,,,General Collecting,Spissistilus festinus,"(Say,1866)",,Male,festinus,,North Carolina,,,,,,None,,,,,,,,,,,,,1997,,,,,,,,,,,,,,,,,,,,,,,,,,,,,,,,,,,,,,,,,,,,
69f2d830-8ec6-437d-a815-ffcf48b60183,,,,,2014-07-11,"Tri-Trophic Thematic Collection Network, 2014 (and updates). Version: 2015-03-18. http://tcn.amnh.org/. National Science Foundation grant(s) EF#1115081, EF#1115103, EF#1115080, EF#1115144, EF#1115191, EF#1115104, EF#1115115",,,,,,,,,,,,,,associated with:Gossypium sp.,PreservedSpecimen,,,MEMU_ENT 00112506,,,,,,,United States,,Chowan,,urn:uuid:f0cec69a-853c-11e4-8259-0026552be7ea,"Plants, herbivores, and parasitoids: A model system for the study of tri-trophic associations project",,,36.02250,36.02250,,,,,,,,,,1978-07-19,,,,Anthocoridae,,,,,Orius,,,,Location over water. Uncert covers land on boths sides 4931 m,,,,,,cultivated cotton,Animalia;Arthropoda;Anthocoridae;Anthocorinae;Oriini,,,,,,,,,,1,,,,MEMU,,,,,,,,,,Adult,,4 mi WSW of Edenton,GeoLocate Software,,,,,,,,,,,,,,,,,,urn:uuid:88141a14-d8e1-11e2-99a2-0026552be7ea,,,,,,"Mississippi Entomological Museum, Mississippi State University",,,,,,,W. A. Dickerson,,,,,,Vacuum Sampling,Orius insidiosus,"Say,1832",,Female,insidiosus,,North Carolina,,,,,,None,,,,,,,,,,,,,1978,,,,,,,,,,,,,,,,,,,,,,,,,,,,,,,,,,,,,,,,,,,,
c7db6c06-7f04-4bb9-9ed9-99d0d5201549,,,,,2012-04-27,"Tri-Trophic Thematic Collection Network, 2014 (and updates). Version: 2015-03-18. http://tcn.amnh.org/. National Science Foundation grant(s) EF#1115081, EF#1115103, EF#1115080, EF#1115144, EF#1115191, EF#1115104, EF#1115115",,,,,,,,,,,,,,,PreservedSpecimen,,,NCSU 0126986,,,,,,,United States,,Cumberland,,urn:uuid:f0cec69a-853c-11e4-8259-0026552be7ea,"Plants, herbivores, and parasitoids: A model system for the study of tri-trophic associations project",1997,,35.15147,35.15147,,,,,,,,,,1997-10-25,,,,Membracidae,,,,,Spissistilus,,,,Uncert 2826 m. Marker in space between end of 1813 and Hwy 82,,,,,,,Animalia;Arthropoda;Membracidae;Smiliinae;Ceresini,,,,,,,,,M. J. Rothschild,1,,,,NCSU,,,,,,,,,,Adult,,Hwy-82 at SR-1813,GeoLocate Software,,,,,,,,,,,,,,,,,,urn:uuid:865fadfa-d8e1-11e2-99a2-0026552be7ea,,,,,,North Carolina State University Insect Collection,,,,,,,M. J. Rothschild,,,,,,General Collecting,Spissistilus festinus,"(Say,1866)",,Female,festinus,,North Carolina,,,,,,None,,,,,,,,,,,,,1997,,,,,,,,,,,,,,,,,,,,,,,,,,,,,,,,,,,,,,,,,,,,
3922b8e9-de8c-4274-b7ca-f99ead0fc9bf,,,,,2014-11-29,"Tri-Trophic Thematic Collection Network, 2014 (and updates). Version: 2015-03-18. http://tcn.amnh.org/. National Science Foundation grant(s) EF#1115081, EF#1115103, EF#1115080, EF#1115144, EF#1115191, EF#1115104, EF#1115115",,,,,,,,,,,,,,,PreservedSpecimen,,,MEMU_ENT 00148584,,,,,,,United States,,Chowan,,urn:uuid:f0cec69a-853c-11e4-8259-0026552be7ea,"Plants, herbivores, and parasitoids: A model system for the study of tri-trophic associations project",1984,,36.02250,36.02250,,,,,,,,,,1978-06-27,,,,Cicadellidae,,,,,Graphocephala,,,,Location over water. Uncert covers land on boths sides 4931 m,,,,,,,Animalia;Arthropoda;Cicadellidae;Cicadellinae;Cicadellini,,,,,,,,,L. W. Hepner,1,,,,MEMU,,,,,,,,,,Adult,,4 mi WSW of Edenton,GeoLocate Software,,,,,,,,,,,,,,,,,,urn:uuid:ceaa5776-77ec-11e4-8259-0026552be7ea,,,,,,"Mississippi Entomological Museum, Mississippi State University",,,,,,,W. A. Dickerson,,,,,,Vacuum Sampling,Graphocephala versuta,"(Say,1830)",,Female,versuta,,North Carolina,,,,,,None,,,,,,,,,,,,,1978,,,,,,,,,,,,,,,,,,,,,,,,,,,,,,,,,,,,,,,,,,,,
52a0f66c-6275-45c2-980a-158d9c6348f2,,,,,2014-08-25,"Tri-Trophic Thematic Collection Network, 2014 (and updates). Version: 2015-03-18. http://tcn.amnh.org/. National Science Foundation grant(s) EF#1115081, EF#1115103, EF#1115080, EF#1115144, EF#1115191, EF#1115104, EF#1115115",,,,,,,,,,,,,,associated with:Gossypium sp.,PreservedSpecimen,,,MEMU_ENT 00132173,,,,,,,United States,,Chowan,,urn:uuid:f0cec69a-853c-11e4-8259-0026552be7ea,"Plants, herbivores, and parasitoids: A model system for the study of tri-trophic associations project",,,36.02250,36.02250,,,,,,,,,,1978-07-19,,,,Cicadellidae,,,,,Agallia,,,,Location over water. Uncert covers land on boths sides 4931 m,,,,,,,Animalia;Arthropoda;Cicadellidae;Agalliinae;Agalliini,,,,,,,,,,1,,,,MEMU,,,,,,,,,,Adult,,4 mi WSW of Edenton,GeoLocate Software,,,,,,,,,,,,,,,,,,urn:uuid:ced73ebc-d20b-11e3-8259-0026552be7ea,,,,,,"Mississippi Entomological Museum, Mississippi State University",,,,,,,W. A. Dickerson,,,,,,Vacuum Sampling,Agallia,,,Male,,,North Carolina,,,,,,None,,,,,,,,,,,,,1978,,,,,,,,,,,,,,,,,,,,,,,,,,,,,,,,,,,,,,,,,,,,
